title,author,isbn,publisher,description
내 말은 왜 오해를 부를까 (소통이 어려워 손해 보는 당신을 위한 현실 밀착 대화 공식),김윤나,9791190457385,나무의마음,"소통이 어려운 순간, 나의 마음을 지키며 관계를 바꾸는 
따뜻하고 유능한 말 50!

2017년 《말 그릇》으로 50만 독자에게 ‘마음을 살펴 자신의 말 습관을 변화시키는 법’을 전한 커뮤니케이션 전문가 김윤나 작가가, 이번에는 소통이 서툴러 손해를 본다고 느끼거나 갈등이 두려워 말을 삼키는 직장인, 그리고 어디서든 환영받는 사람이 되고 싶은 대학생 및 사회초년생들을 위해 ‘따뜻하고 유능한’ 원포인트 레슨 50가지를 제시한다. 작가는 삼성, SK, LG 등 대기업에서 강의와 코칭을 진행하며, 많은 이들이 굳어진 언어 습관 때문에 자신도 모르는 ‘말씨의 사각지대’가 생긴다는 사실을 발견했다. 이에 자기주장에만 몰두하거나, 분위기를 해치지 않으려 말을 삼키는 사람들을 위해, MZ세대의 폭풍 공감을 얻고 있는 ‘힐링곰 꽁달이’ 작가와 함께 이 책을 집필하게 되었다. 이 책은 타인을 존중하고 배려하면서도, 자신의 의견을 세련되게 표현하는 법을 ‘현실 밀착 대화 공식’으로 소개한다.

예를 들어, 자료를 분명 보냈는데 받지 못했다며 고집을 부리는 거래처 직원, 어떻게 말해야 공동의 책임을 인정하고 함께 해결책을 찾을 수 있을까? 백만 원을 빌려달라는 친구의 부탁, 어떻게 말해야 민망하게 하지 않으면서도 정확하게 거절할 수 있을까? 오지랖 넓은 선배의 선 넘는 조언, 어떻게 말해야 내 마음을 지키면서도 충고를 현명하게 돌려보낼 수 있을까? 이 외에도 상대의 말을 부정하지 않고 대화를 이어가는 ‘반대의 말씨’, 처음 만난 사람에게 호감을 표현하는 ‘친밀의 말씨’, 상황보다 사람을 먼저 살피는 ‘위로의 말씨’, 잘한 점과 아쉬운 점을 균형 있게 전하는 ‘피드백의 말씨’ 등 일상과 비즈니스 상황에서 바로 써먹을 수 있는 ‘한 끗 다른 말씨’를 재미있는 인스타툰과 결합하여 담아냈다. 각 상황의 맥락과 감정을 짚어가며 오해 없이, 만만하지 않게 마음을 전하는 법을 전문가의 솔루션으로 풀어낸다.

각 챕터 말미에는 다양한 상황별 말하기 전략을 정리한 ‘SUMMARY’를 수록해, 독자가 자신의 대화를 돌아보고 곧바로 실전에 활용할 수 있도록 했다. ‘힐링곰 꽁달이’와 함께 50가지 실전 상황을 미리 터득하고, 어떤 말을 건네야 할지 ‘현실 밀착 대화 공식’을 연습하다 보면, 상대에게 Yes를 이끌어내며 하는 일도 한결 술술 풀릴 것이다. 감정을 제대로 표현하지 못해 부정적인 감정이 쌓여 결국 엉뚱한 방식으로 폭발하거나, 사람들에게 애매하게 끌려다니는 일이 반복되지 않도록, 하고 싶은 말을 단단하게 표현하면서도 따뜻함을 놓치지 않는 법을 이 책이 알려준다."
말 그릇(50만 부 기념 에디션) (비울수록 사람을 더 채우는),김윤나,9791185952987,오아시스,"“당신의 말 그릇을 함부로 버려두지 말라.”
SK, LG, 삼성을 비롯한 수많은 기업과 개인 코칭을 통해 얻은 말에 대한 근본적인 성찰
말의 기술이 아닌 말의 그릇을 키워 그 안에 사람을 담는 법

전국 서점 100주 연속 베스트셀러, 독자들이 뽑은 인생 책! 《말 그릇》이 50만 부 기념으로 새로운 표지로 재탄생했다. 먼저 읽은 독자들의 추천과 함께 말 그릇을 쓰게 된 저자의 미공개 스토리를 함께 실었다. 사람들은 저마다 말을 담는 그릇을 하나씩 지니고 살아간다. 그런데 그 말 그릇의 크기와 상태에 따라 말의 수준과 관계의 깊이가 천차만별로 달라진다. 말을 담아내는 그릇이 넉넉한 사람은 많은 말을 담을 수 있다. 그릇이 깊어 담은 말이 쉽게 새어 나가지 않고, 넓은 그릇에서 필요한 말을 골라낼 수 있다. 그릇이 좁고 얕은 사람은 말이 쉽게 흘러넘치고 불필요한 말을 많이 한다. 이것은 단순한 말 기술의 차이가 아니다. 살면서 만들어진 ‘말 그릇’의 차이 때문이다.  

이 책은 단순히 말 잘하는 법을 알려주는 책이 아니다. 사람마다 가지고 있는 자신의 말 그릇의 의미에 대해 생각해보고 어떻게 하면 나의 말 그릇을 보다 단단하고 깊이 있게 만들 수 있는지 알려주는 책이다. ‘말솜씨’에만 집중하는 사람들은 이목을 끌기 위한 말하기를 사용하지만, ‘말 그릇이 단단한 사람들’은 소통하는 말하기를 사용한다. 저자는 10년이 넘는 시간 동안 다양한 사람들을 코칭하면서 ‘말은 다른 형태의 호흡’임을 깨닫게 되었다고 한다. 말 한마디에는 그 사람의 감정과 살아온 세월의 공식과 평소의 습관이 그대로 드러나기 때문이다. 그렇기 때문에 말에 대한 잔기술을 익히는데 노력하기보다, 말을 담아내는 ‘말 그릇’ 자체를 키우는 것에 집중해야 한다. 자신의 말 그릇을 보다 크고 단단하게 만들기 위한 ‘듣기’의 기술과 말 그릇을 깊게 만드는 ‘말하기’의 기술을 다양한 사례와 함께 알려준다. 말 그릇을 키우는 것은 결국 나를 이해하고 사람을 이해하는 힘을 기르는 법이다. 당신의 말 그릇은 어떤가? 크고 단단해서 그 안에 사람을 담을 수 있는가? 아니면 얕고 작아서 스치는 말 하나에도 불안하게 흔들리는가?"
서른이 지나도 아직 나를 모른다 (불안한 삼십 대를 위한 32가지 자기발견 심리학),김윤나,9791168272576,오아시스,"서른 즈음에는 어른일 줄 알았는데
아직도 ‘진짜 어른’이 된 것 같지 않은 당신에게

삼십 대에 자주 하는, 해야만 하는 고민에 
지혜롭고 다정하게 대처하는 방법
서른이 된 나와 진짜 대화를 나눌 것!

어릴 적 상상해 본 서른의 모습은 어땠던가? 내 이름으로 된 집과 차, 멋지게 일하는 나, 화목한 가정……. 그러나 요즘의 삼십 대에게 그런 것은 없다. 전셋집을 구하기조차 어렵고, 회사에서도 아직 자리 잡은 지 얼마 안 됐을 시기다. 게다가 학자금 대출, 전세 대출 등 남과 가정을 이뤄 같이 살기는커녕 나 하나 먹고살기에도 팍팍하기만 하다. 오래된 친구들과는 어느새 멀어지고 있는데 새로운 친구를 사귈 환경은 되지 않고, 좋은 인간관계를 유지하는 데 신경을 곤두세우느라 피로는 쌓여 간다. 어떻게 하면 잘 살 수 있을까? 잘 산다는 건 무엇일까? 애초에, 나는 어떻게 살고 싶은가?
지금의 삼십 대는 진정한 자신과의 대화를 나눌 기회가 적었던 세대다. 좋은 대학, 좋은 스펙, 좋은 직장을 향해 달리다 막 출발선을 지나고 보니 서른, 어른이 되어야 할 시간에 도착해 있다. 자신이 정말 원하는 것이 무엇인지, 무엇을 좋아하는 사람인지조차 알지 못하는 사람이 많다. 《말 그릇》 시리즈, 《말의 시나리오》 등의 저서를 통해 말과 대화의 중요성을 이야기했던 김윤나 작가가 이번에는 자신과 대화 나누는 방법, 자신의 기질을 파악하는 방법 등을 소개하며 결국 우리가 진정 원하는 곳에 닿을 수 있도록 돕는다. 내가 누구인지 아직도 모르는 이들이 갈피를 찾고 한 걸음 내디딜 용기를 갖기까지, 응원의 목소리가 함께한다. 따뜻하고도 지혜로운 서른 가이드."
엄마의 말 그릇 (비울수록 사랑을 더 채우는),김윤나,9791168271838,카시오페아,"“나의 말을 변화시키고, 리더의 말을 변화시키고
이제는 그 모든 말의 역사인 부모의 말을 변화시켜야 할 때!”

50만 부 이상 판매된 《말 그릇》 시리즈의 완결판! ‘마음을 체크해서 자신의 말 습관을 변화시킨다’는 시리즈의 주제 아래, 이번에는 부모들의 말 습관, 특히 아이들과 가장 밀착되어 생활하는 엄마들의 말을 변화시키기 위한 지침들을 담았다. 자신의 마음을 돌아보고 그 안에 숨겨진 오래된 상처와 욕구, 말의 대물림 등을 발견해서 궁극적으로는 부모와 아이 사이의 말을 변화시키는 데 방점을 두는 책이다. 평소에 아이에게 습관처럼 자주 사용하는 말은 무엇인지, 어떤 상황에서 유독 화가 폭발하는지, 그럴 때 어떻게 하면 감정을 조절할 수 있는지 등을 체크해볼 수 있는 다양한 분석 시트가 담겨 있고, 부모와 아이 모두 상처받지 않기 위해서 기억해야 할 실용적인 대화 지침 등도 함께 담겨 있다."
말 그릇(큰글자도서) (비울수록 사람을 더 채우는),김윤나,9791130644851,카시오페아,"당신의 말이 태어나고 자라는 곳
‘말 그릇’을 키워 관계와 인생의 주인이 되는 법

리더스원의 큰글자도서는 글자가 작아 독서에 어려움을 겪는 모든 분들에게 편안한 독서 환경을 제공함으로써 책 읽기의 즐거움을 되찾아 드리고자 합니다.

사람들은 ‘말재주’가 뛰어난 사람을 부러워하지만, 곁에 두고 싶어 하는 사람은 결국 말에서 마음이 느껴지는 사람이다. 많은 말을 하지 않지만 꼭 필요한 말을 조리 있게 하는 사람, 적절한 때에 입을 열고 정확한 순간에 침묵할 줄 아는 사람, 말 한마디에서도 품격이 느껴지는 사람에게 끌리게 되어 있다. 이 책은 우리의 말 그릇을 크고 단단하게 만들기 위한 다섯 개의 파트로 구성되어 있다.

1부에서는 말 그릇의 의미에 대해 알아보고 2부에서는 말 그릇을 키우기 위해 살펴봐야 할 개인의 감정과 공식, 습관을 알아본다. 이 과정을 차근차근 따라가다 보면 나의 무엇이 말의 성장을 방해하고 있었는지 발견하게 된다. 3부와 4부에서는 말 그릇이 큰 사람들이 사용하는 대표적인 ‘대화 기술’을 소개한다.

마음을 표현하는 가장 직접적인 방법이 말이고, 억울하게도 그 말하는 기술이 매끄럽지 않으면 마음의 길도 막히기 십상이다. 특히 이 파트에서는 ‘대화 기술’ 중에서도 가장 기본적이고 중요한 ‘듣기’와 ‘질문하기’에 대해서 알아보고, 말을 많이 하지 않고도 상대방을 대화로 끌어들이는 기술을 연습해본다. 마지막 5부에서는 사람을 이해한다는 것의 의미에 대해 생각해보고, ‘나는 과연 말의 책임을 감당할 수 있는 사람인가’ 성찰해보고, 관계에서 차이를 극복하기 위해 무엇을 더 고려해야 하는지 알아본다."
리더의 말 그릇(큰글자도서) (비울수록 사람을 더 성장시키는),김윤나,9791130644868,카시오페아,"“리더의 영향력은 말 그릇에서 나온다.”
40만 부 베스트셀러《말 그릇》후속작, 드디어 출간!
‘리더의 말 그릇’을 키워 사람을 성장시키고 성과를 높이는 방법

리더스원의 큰글자도서는 글자가 작아 독서에 어려움을 겪는 모든 분들에게 편안한 독서 환경을 제공함으로써 책 읽기의 즐거움을 되찾아 드리고자 합니다.

사람은 누구나 말을 담아내는 그릇을 하나씩 가지고 살아간다. 그 크기와 깊이만큼 ‘말’을 사용한다. 《말 그릇》의 김윤나 작가가 3년 만에 《리더의 말 그릇》으로 돌아왔다. 그 사이 한 주도 강의를 거르지 않았을 만큼 많은 리더들을 만나고 3~6개월에 걸친 1:1 코칭을 진행했다. 이 책은 그동안 수많은 교육과 코칭을 통해 얻은 말에 대한 근본적인 성찰을 바탕으로 사람을 성장시키고 성과를 만드는 리더의 말 그릇에 대해 알려준다. 구체적이고 다양한 사례를 통해 현장에서 바로 써먹을 수 있도록 리더의 질문기술, 3F 피드백의 기술, 요청과 칭찬의 3C 공식, 면담 전 액션 시트까지 수록해 실용성을 높였다. 이 책에서 부르는 리더는 특정 직업, 연차와 직책을 의미하지 않는다. 당신에게 한 명이라도 파트너와 팔로워가 있다면 ‘리더’이고, 사람 사이에서 ‘관계’와 ‘성과’를 고민하는 사람이라면 그가 바로 ‘리더’이다. 어떤 말 그릇을 가진 리더와 일하는지에 따라 성장의 가능성과 성과의 크기가 달라진다. 리더의 말 그릇을 키워 사람을 성장시키고 성과를 높이는 방법을 담았다."
말의 시나리오(큰글자도서) (어떤 말은 삶의 숨겨진 이야기를 들려준다),김윤나,9791130644790,카시오페아,"말의 시나리오를 바꿀 수 있을 때 우리는 비로소 어른이 된다!
이제는 정말 달라지고 싶은 어른들을 위한 심리 수업

리더스원의 큰글자도서는 글자가 작아 독서에 어려움을 겪는 모든 분들에게 편안한 독서 환경을 제공함으로써 책 읽기의 즐거움을 되찾아 드리고자 합니다.

세바시 300만 화제의 강연자이자 SK, LG, 삼성이 뽑은 최고의 강연자이기도 한 40만 부 『말 그릇』의 저자 김윤나의 새 책 『말의 시나리오』가 출간되었다. 상대와 말할수록 상처받는 사람, 마음에도 없는 말이 불쑥 튀어나와 상대와의 관계가 묘하게 어긋나는 사람, 적절한 타이밍에 제대로 된 말을 찾지 못하고 뒤돌아 후회하는 사람 등 대화가 불편하고 관계가 어려운 사람들에게 ‘말의 시나리오’를 점검해볼 것을 제안한다. 말의 시나리오는 각자의 말이 되풀이해 들려주는 반복되는 삶의 이야기이다. 과거의 경험과 기억은 반복되는 패턴으로 말의 시나리오를 만들고, 말의 시나리오는 자기도 모르는 사이에 곧 내 삶의 시나리오로 굳어진다. 저자는 자꾸만 자기 말에 걸려서 넘어지는 사람들을 위해 새로운 말의 시나리오를 그려볼 것을 제안한다. ‘어떻게 기술적으로 잘 말할 것인가’보다는 ‘내 안에 무엇을 채워서 다르게 말할 것인가’에 집중한다. 새로운 말의 시나리오를 써갈 수 있을 때 우리는 비로소 어른이 된다. 다른 사람의 말에 휘둘리지 않고, 쓸데없는 걱정을 멈추고 자신 있게 삶을 이끌어나갈 수 있게 된다."
"상처 주는 말 하는 친구에게 똑똑하게 말하는 법 (화내지 않고, 참지 않고, 울지 않는 마법의 표현 59)",김윤나,9791191013498,북라이프,"“잠깐만, 내 의견을 말해도 될까?”

존중하고 배려하며 부드럽고 단호하게 이야기하는 법!
두 아이의 엄마이자 소통 전문가 김윤나의 초등 말하기 수업!

친구와 불편한 상황에서 나의 마음을 지키며 관계를 바꾸는 59가지 똑똑한 말! 
40만 부 베스트셀러 《말 그릇》의 작가이자 소통 전문가인 엄마와 
초등학교 4학년 아들이 함께 쓴 어린이 말하기 솔루션!

2017년 《말 그릇》으로 40만 독자에게 ‘단단하게 말하는 법’을 알려준 코칭심리학자 김윤나 작가가 학교라는 작은 사회에서 첫 인간관계를 시작하는 어린이 독자들에게 ‘똑똑한 말하기’ 방법을 제시한다. 두 아이의 엄마이기도 한 작가는 초등학교 4학년 아들과 대화하면서 ‘어린이들이 친구의 말에 상처받는 59가지 상황’을 발견했다. 그리고 친구 관계가 어려운 초등학생들을 위해 아들과 함께 책을 쓰기로 결심했다. 작가는 이 책에서 화내지 않고, 참지 않고, 울지 않고 똑똑하게 말할 수 있는 방법을 마치 아들에게 조언하듯 구체적으로 알려준다.
친구가 내 이름으로 기분 나쁜 별명을 만들어 놀릴 때 어떤 말을 해야 친구를 멈추게 할 수 있을까? 이성 친구에게 고백을 받았는데 거절하고 싶다면 어떤 말을 해야 친구의 마음도 알아주면서 내 마음을 정확하게 전할 수 있을까? 친구가 물건을 잃어버리고 나를 의심할 때 어떤 말을 해야 내 마음이 상하지 않게 지킬 수 있을까? 이 외에도 친구가 빌려 간 돈을 갚지 않을 때, 내 물건을 자기 것처럼 사용할 때, 나랑 놀지 말라고 말하고 다닐 때, 채팅에서 나를 무시할 때 등 구체적인 상황과 바로 활용할 수 있는 ‘똑똑한 한 마디’를 재미있는 만화에 담았다. 그리고 그런 껄끄러운 상황이 왜 만들어졌는지, 그때 어떻게 생각하고 어떤 말을 해야 나도 상처받지 않고 친구에게도 상처 주지 않으면서 마음을 똑똑하게 전할 수 있는지 전문가의 솔루션이 이어진다. 
책 뒤의 ‘부모님 가이드’에는 불편한 상황에 맞닥뜨린 자녀를 어떻게 대해야 할지, 어떤 대화로 친구들과 솔직하게 소통하고 관계를 건강하게 유지하도록 격려할지에 대한 힌트가 담겨 있다. 
이 책을 통해 학교생활에서 일어날 수 있는 59가지 불편한 상황을 간접 체험하고, 그런 상황에서 어떻게 말해야 할지 전문가의 조언과 함께 바로 활용할 수 있는 똑똑한 한 마디를 배운다면, 아이들은 실제 친구 관계를 더 건강하게 꾸려 갈 수 있을 것이다. 감정 표현을 제대로 하지 못해 부정적인 감정이 쌓였다가 엉뚱하게 폭발하거나, 거칠고 공격적으로 말하는 친구들에게 애매하게 끌려다니는 일 없이, 하고 싶은 말을 부드러우면서도 단호하게 표현하는 법을 배울 수 있다."
리더의 말 그릇 (비울수록 사람을 더 성장시키는),김윤나,9791190776615,카시오페아,"“리더의 영향력은 말 그릇에서 나온다.”
40만 부 베스트셀러《말 그릇》후속작, 드디어 출간!
‘리더의 말 그릇’을 키워 사람을 성장시키고 성과를 높이는 방법

사람은 누구나 말을 담아내는 그릇을 하나씩 가지고 살아간다. 그 크기와 깊이만큼 ‘말’을 사용한다. 《말 그릇》의 김윤나 작가가 3년 만에 《리더의 말 그릇》으로 돌아왔다. 그 사이 한 주도 강의를 거르지 않았을 만큼 많은 리더들을 만나고 3~6개월에 걸친 1:1 코칭을 진행했다. 이 책은 그동안 수많은 교육과 코칭을 통해 얻은 말에 대한 근본적인 성찰을 바탕으로 사람을 성장시키고 성과를 만드는 리더의 말 그릇에 대해 알려준다. 구체적이고 다양한 사례를 통해 현장에서 바로 써먹을 수 있도록 리더의 질문기술, 3F 피드백의 기술, 요청과 칭찬의 3C 공식, 면담 전 액션 시트까지 수록해 실용성을 높였다. 이 책에서 부르는 리더는 특정 직업, 연차와 직책을 의미하지 않는다. 당신에게 한 명이라도 파트너와 팔로워가 있다면 ‘리더’이고, 사람 사이에서 ‘관계’와 ‘성과’를 고민하는 사람이라면 그가 바로 ‘리더’이다. 어떤 말 그릇을 가진 리더와 일하는지에 따라 성장의 가능성과 성과의 크기가 달라진다. 리더의 말 그릇을 키워 사람을 성장시키고 성과를 높이는 방법을 담았다."
말의 시나리오 (어떤 말은 삶의 숨겨진 이야기를 들려준다),김윤나,9791168270428,카시오페아,"말의 시나리오를 바꿀 수 있을 때 우리는 비로소 어른이 된다!
이제는 정말 달라지고 싶은 어른들을 위한 심리 수업

세바시 300만 화제의 강연자이자 SK, LG, 삼성이 뽑은 최고의 강연자이기도 한 40만 부 『말 그릇』의 저자 김윤나의 새 책 『말의 시나리오』가 출간되었다. 상대와 말할수록 상처받는 사람, 마음에도 없는 말이 불쑥 튀어나와 상대와의 관계가 묘하게 어긋나는 사람, 적절한 타이밍에 제대로 된 말을 찾지 못하고 뒤돌아 후회하는 사람 등 대화가 불편하고 관계가 어려운 사람들에게 ‘말의 시나리오’를 점검해볼 것을 제안한다. 말의 시나리오는 각자의 말이 되풀이해 들려주는 반복되는 삶의 이야기이다. 과거의 경험과 기억은 반복되는 패턴으로 말의 시나리오를 만들고, 말의 시나리오는 자기도 모르는 사이에 곧 내 삶의 시나리오로 굳어진다. 저자는 자꾸만 자기 말에 걸려서 넘어지는 사람들을 위해 새로운 말의 시나리오를 그려볼 것을 제안한다. ‘어떻게 기술적으로 잘 말할 것인가’보다는 ‘내 안에 무엇을 채워서 다르게 말할 것인가’에 집중한다. 새로운 말의 시나리오를 써갈 수 있을 때 우리는 비로소 어른이 된다. 다른 사람의 말에 휘둘리지 않고, 쓸데없는 걱정을 멈추고 자신 있게 삶을 이끌어나갈 수 있게 된다."
슬기로운 언어생활 (말 많은 세상에서 말 너머를 보는 법),김윤나,9791188674152,카시오페아,"우리의 언어생활에 슬기로움이 필요하다!

《말 그릇》으로 많은 사랑을 받은 김윤나의 말에 관한 두 번째 에세이 『슬기로운 언어생활』. 말을 잘하고 소통을 잘 하는 것은 기술이나 지식으로만 가능하지 않다. 말 너머에 있는 사람을 보는 것, 그것이 바로 우리가 하고 싶은 대화이고 어른에게 필요한 대화이고 지혜로운 대화이다. 우리는 이것을 '슬기로운 언어생활'이라 부른다. 

이 책은 4장으로 되어 있다. 1장에서는 '말 너머에 있는 것들'을 다룬다. 2장은 '말하기 전에 알아야 할 것들'을 살펴본다. 상대의 마음을 듣고 배려하는 방법에 관한 이야기다. 3장은 '말하지 않으면 모르는 것들'을 이야기한다. 4장은 '사랑하면 보이는 것들', 즉 서로를 지키는 말하기를 다룬다. 나눔의 형식에 크게 구애받지 않고 손이 머무는 곳에서 시작하고 멈출 수 있도록 구성했다."
당신을 믿어요 (상처보다 크고 아픔보다 강한),김윤나,9791188674725,카시오페아,"나는 당신이 상처보다 더 크고, 아픔보다 더 강한 사람임을 믿어요.

《말 그릇》을 통해 사람마다 가지고 있는 자신의 말 그릇의 의미에 대해 생각해보고 어떻게 하면 나의 말 그릇을 보다 단단하고 깊이 있게 만들 수 있는지 알려주었던 김윤나의 심리치유에세이 『당신을 믿어요』. 저자의 진솔하고 내밀하면서도 치열한 성장과정이 생생히 담긴 이 책은 상처에 관한 자기고백서이자 치열하고 아픈 고백 뒤에 벅찬 위로와 감동을 주는 마음치유서이다.

모두 4장에 걸쳐 7살 때 부모의 이혼부터 알코올 중독이었던 아빠, 지독하게 가난했던 어린 시절, 성취에만 연연했던 자신의 과거를 담담히 털어놓으며 과거의 상처에서 벗어나지 못한 사람들을 위로하고 한 발짝 내딛을 수 있는 용기를 준다. 사람의 마음에 대한 통찰을 밀도 높게 담으며 깊숙이 마음을 움직이는 언어로 읽는 과정 자체를 진한 공감의 순간으로 만들고, 자신을 향한 의심의 늪에서 빠져나와 본래 우리가 있어야 할 자리를 조금씩 찾아갈 수 있도록 도와준다."
"진짜 나를 만나는, 하루 15분 (가치계발 Q&A Writing Book)",김윤나,9791190032438,넥서스BOOKS,"하루 15분, 나를 찾아서 매일 조금씩 자연스러워지는 나를 기록하면 1년 후에는 무엇을 발견할 수 있을까요? 《자연스러움의 기술》에서 가치(Value), 신념(Belief), 욕구(Needs), 감정(Emotion), 강점(Strength)이라는 5가지 자연스러움의 기술을 소개했습니다. 이의 연장선상에서 《진짜 나를 만나는, 하루 15분》은 ‘나’로 살기 위한 그 최소한의 삶의 기술을 아는 데 그치지 않고, 삶에 적용하고 기록할 수 있게 합니다."
진짜 나를 만나는 라이팅북 (자연스러움의 기술),김윤나,9791189432379,넥서스BOOKS,"매일 조금씩 자연스러워지는 나를 기록하면,
1년 후에는 무엇을 발견할 수 있을까요?

『자연스러움의 기술』에서 가치Value, 신념Belief, 욕구Needs, 감정Emotion, 강점Strength이라는 5가지 자연스러움의 기술을 소개했습니다. 이의 연장선상에서 『자연스러움의 기술_진짜 나를 만나는 라이팅북』은 ‘나’로 살기 위한 그 최소한의 삶의 기술을 아는 데 그치지 않고, 삶에 적용하고 기록할 수 있게 합니다."
자연스러움의 기술 (이제 당신의 삶을 살아도 괜찮습니다),김윤나,9791189432362,넥서스BOOKS,"나 자신으로 살기 위해 필요한 최소한의 삶의 기술

《말그릇》의 저자 김윤나가 타인이 아닌, 자기 자신으로 살아가는데 도움을 주는 5가지 자연스러움의 기술을 소개하는 『자연스러움의 기술』. 수많은 사람에게 진짜 나의 삶을 찾아준 코칭심리전문가인 저자는 매순간 더 괜찮은 사람이 되려고 노력하고, 때로는 완전히 다른 새로운 나를 꿈꾸기도 하지만 본질적으로 바뀌는 것이 쉬운 일은 아니라고 이야기하며 나로서 생각하고, 느끼고, 존재하는 삶을 위해 필요한 기술을 소개한다. 가치Value, 신념Belief, 욕구Needs, 감정Emotion, 강점Strength. 저자가 이야기하는 5가지 기술이 나를 이해하고, 삶의 방향을 새롭게 정할 수 있도록 도와줄 것이다."
말 그릇(양장 한정판 리커버) (리커버:K),김윤나,9791188674305,카시오페아,"나와 가장 잘 어울리는 말을 찾아내 나답게 말하자!

사람마다 가지고 있는 자신의 말 그릇의 의미에 대해 생각해보고 어떻게 하면 나의 말 그릇을 보다 단단하고 깊이 있게 만들 수 있는지 알려주는 『말 그릇』 25만 부 돌파 기념 스페셜 에디션(양장 한정판 리커버). SK, LG, 삼성을 비롯한 수많은 기업과 개인 코칭을 해온 코칭심리학자 김윤나가 이와 같은 경험을 통해 얻은 말에 대한 근본적인 성찰을 담은 책이다. 

저자는 많은 말을 하지 않지만 꼭 필요한 말을 조리 있게 하는 사람, 적절한 때에 입을 열고 정확한 순간에 침묵할 줄 아는 사람, 말 한마디에서도 품격이 느껴지는 사람에게 끌리게 되어 있다고 이야기하면서 우리의 말 그릇을 크고 단단하게 만들기 위한 방법을 다섯 개의 파트로 나누어 소개한다. 

1부에서는 말 그릇의 의미에 대해 알아보고 2부에서는 말 그릇을 키우기 위해 살펴봐야 할 개인의 감정과 공식, 습관을 알아본다. 3부와 4부에서는 말 그릇이 큰 사람들이 사용하는 대표적인 대화 기술을 소개한다. 특히 이 파트에서는 대화 기술 중에서도 가장 기본적이고 중요한 ‘듣기’와 ‘질문하기’에 대해서 알아보고, 말을 많이 하지 않고도 상대방을 대화로 끌어들이는 기술을 연습해본다. 마지막 5부에서는 사람을 이해한다는 것의 의미에 대해 생각해볼 수 있게 한다. 

사람들은 저마다 말을 담는 그릇을 하나씩 지니고 살아가는데, 그 말 그릇의 상태에 따라 말의 수준과 관계의 깊이가 천차만별로 달라진다. 대부분의 사람들이 말재주가 뛰어난 사람을 부러워하지만, 곁에 두고 싶어 하는 사람은 결국 말에서 마음이 느껴지는 사람이다. 저자는 이 책을 통해 단순히 말 잘하는 법을 알려주는 것이 아니라 말 그릇 자체를 키워나갈 수 있도록 우리를 이끌어준다."
나공부 (진짜 나를 찾는 5가지 질문),김윤나,9791186235003,큐리어스(Qrious),"‘나’를 생각하는 시간

여기, 임원이 되는 것을 목표로 모든 걸 희생하며 살아온 사람이 있다. 그에게 중요한 가치가 ‘성장’과 ‘명예’라면 그의 목표는 훌륭하다. 하지만 내면을 알고 보니 ‘가족’과 ‘균형’을 소중히 여기는 사람이었다면 그의 삶은 이대로 괜찮은 걸까. 누구보다 열심히 살고 있는데도 지금 행복하지 않다면 우리에는 ‘나를 공부하는 시간’이 필요하다. 이 책 『나공부』는 많은 삶의 문제들이 사실은 나 자신의 내면에서 비롯된다는 것을 알려주고, 가치, 신념, 욕구, 감정, 강점이라는 5개의 영역에서 ‘진짜 나’에게 맞는 삶의 방향과 전략을 새롭게 새울 수 있도록 도와준다. 

책은 본문과 워크북으로 구성되어 있다. 본문에서는 코칭 프로그램과 여러 심리학 도구를 기반으로 저자가 코칭을 진행한 사람들의 사례를 읽으며 나를 보는 눈을 키운다. 워크북에서는 실제로 나를 진단하고 적절한 솔루션을 얻을 수 있도록 돕는다. 괜찮은 삶, 행복한 삶, 부러운 삶이란 한마디로 정의하기는 어렵다. 그러나 저자는 자신에게 먼저 집중함으로써 나와 나의 삶이 참 괜찮다는 마음을 가지게 되길 바라고 있다."
외로운 내가 외로운 너에게 (말하지 않는 마음까지 들어주는 끄덕끄덕 마음공감법),김윤나,9791185952345,카시오페아,"『외로운 내가 외로운 너에게』는 구체적이면서도 쉬운 화법으로 자기도 모르게 상처받고 상처 주는 사람들의 마음을 어루만지며 서로가 외로운 사람들에게 따스한 공감의 길을 보여준다. 저자는 각자의 외로움을 짊어지고 살아가는 사람들끼리, 서로에게 다리가 되어주자고 말한다. 말 속에 숨지 말고 더 강한 척, 괜찮은 척, 그럴싸한 척하지 말고 살아 있는 진짜 마음을 다리에 실어 보내자고 말이다. 책의 곳곳에서 더 많이 느끼고 생각할 수 있도록 여백과 그림을 적절히 배치했다."
청소년문제와 보호,김윤나,9788959649846,양서원,"세계청소년학아마데미가 기획한 「세계청소년학아카데미(WAYS) 총서」 다섯 번째 책. 『청소년문제와 보호』는 청소년문제와 보호와 관련한 이론과 연구, 정책과 실천에 대한새로운 이해를 도모하고 있다."
청소년복지론,김윤나,9788959648429,양서원,"「세계청소년학아카데미 총서」제3권『청소년복지론』. 이 책은 크게 청소년에 대한 발전적 관점의 이해, 청소년복지의 접근방법과 발전적 관점의 논의, 그리고 발전적 관점으로 본 청소년복지의 주요 내용이라는 세 가지 부문을 중심으로 구성하였다. 최근 청소년복지의 주요한 영역으로 대두되고 있는 다문화가정 청소년문제를 다문화복지로 접근하고, 지구화에 따른 청소년의 해외봉사활동과 개발NGO활동들을 글로벌청소년복지로 영역화하여 고찰하였다."
나를 찾는 질문들(CD),김윤나,9788962443110,석세스티브이,"▶ 도서가 아니라 CD입니다.

『나를 찾는 질문들』는 자신을 돌아보며 조금이라도 더 '나답게' 모습을 변화시킬 수 있도록 안내한다. 삶의 기준이 흔들릴 때마다 가치의 우선순위를 확인하고, 걷잡을 수 없는 화에 직면할 때면 신념을 돌아봐야 하며, 마음의 충돌이 일어날 때면 욕구를 충족할 수 있는 현실적인 방법을 찾아야 하고, 갑작스럽게 마음이 던지는 감정의 소리를 들을 수 있도록 살피고, 어렵게 찾은 강점 자원이 녹슬지 않도록 부지런히 사용해야 한다고 말한다."
"사회복지실천론(2학기, 워크북포함)",김윤나,9788920018633,한국방송통신대학교출판문화원,"우리의 사회복지 분야는 지금까지 걸어온 길만큼, 그리고 그보다 더 많이 개선하고 발전해야 할 부분이 남아 있다. 이론적으로는 한국의 사회문화적 특수성을 잘 반영해 나가야 하는 문제, 실천적으로는 적극적으로 사회구조를 변혁해 나가면서 이상적인 복지사회를 구현해 나가야 하는 문제가 있다. 이러한 문제의식에 기반하여, 이 책에서는 사회복지를 실천해 나감에 있어, 단순히 시혜적 수준을 넘어 보편적 권리로서 사회복지를 생각해 보도록 구성하였다. 전체적으로는 기존의 담론에서 다뤄 왔던 주제들을 포괄적으로 반영하되 더 나은 우리 사회의 모습과 방향을 성찰하는 것이 궁극적으로‘ 사회복지실천’을 공부하는 목적이 되어야 하기 때문이다."
사회복지현장실습 가이드북,김윤나,9788959122240,도서출판 신정,사회복지현장실습을 위한 가이드북. 그동안 저자가 사회복지실천현장에서 일했던 경험과 학교에서의 교육경험을 바탕으로 학생들이 어렵고 부담스럽게 느끼는 사회복지실습을 알기 쉽게 체계적으로 정리했다. 특히 가장 먼저 학생들이 사회복지실천현장에 들어서기 전 자신의 마인드를 정립하고 의식화하도록 사회복지사 선서와 사회복지사 윤리강령을 다루었다.
e 사회복지개론,김윤나,9788959122837,도서출판 신정,"『e 사회복지개론』은 사회복지에 대한 전반적인 이해를 돕기 위한 사회복지 개관, 거시적인 틀과 안목을 제공해주는 사회복지정책과 서비스, 미시적인 차원에서 실제 사회복지를 접목해 볼 수 있는 사회복지 실천의 내용들로 구성된 책이다. 사회복지 개관, 사회복지정책과 서비스, 사회복지 실천 등의 내용을 알기 쉽게 정리하였다."
청소년육성제도론,김윤나^김윤나,9788959122530,신정,"『청소년육성제도론』은 우리나라 청소년육성제도의 현황과 실제에 대해 고찰한 책이다. 청소년육성제도 이해를 위한 이론적인 기초 지식을 설명하고, 청소년관계법과 제도의 중요 내용을 담았다. 또한 청소년행정의 현황, 정책전담부서와 조직개편, 기업의 사회공헌 등 청소년행정과 관련하여 공공과 민간을 다뤘다."
관계의 분리수거 (잘 지내려 애쓸수록 상처받는 사람들을 위한 심리학),김경일^김윤나^김태경^김혜령^박재연^함광성,9791173571602,21세기북스,"86만 구독자의 선택! 
국내 심리학 1위 채널 〈놀면서 배우는 심리학〉

집착하지 않는 감정 사용법부터 무시 안 당하는 화법까지
김경일, 김윤나, 박재연, 유은정, 지나영…
베테랑 심리학자 17인의 핵심만 짚은 관계의 지혜

나쁜 관계를 하루빨리 정리해야
좋은 관계가 들어올 자리가 생깁니다
국내 최고 전문가 2백 명의 실전 인간관계 스킬 TOP 24

구독자 86만 명, 누적 조회수 1.7억 회를 자랑하는 유튜브 〈놀면서 배우는 심리학〉은 김경일 교수, 박재연 소장, 유은정 원장 등 대한민국을 대표하는 심리학 멘토가 2백 명 이상 출연한 국내 심리학 구독자 1위 채널이다. 그중에서도 가장 많은 공감을 얻고 위로받았다는 고백이 쏟아진 인간관계의 심리학을 모아 도서를 출간했다. 베테랑 심리학자들이 수많은 상담을 통해 길어낸 실전 인간관계 스킬이 24가지 포함된 이 책은 24권의 심리학 책을 눌러 담은 것과 같은 효과가 있다.

오늘날 현대인은 친구 · 가족 · 연인 · 동료 등에게 휘둘릴 수밖에 없는 관계 과잉 시대를 살고 있다. 관계를 ‘분리수거’하라는 독특한 메시지 속에는 무례한 사람은 쳐내고, 나를 갉아먹는 나쁜 관계는 ‘손절’하며, 평생 함께해야 할 사람에게 집중하라는 뜻이 담겨 있다. 선을 불쑥 넘는 무례한 사람에게 대처하는 법, 친구 사이에서 소위 ‘착한 호구’가 되지 않는 법, 은근히 나를 깎아내리는 친구와의 관계를 정리하는 법 등 실용적 사례로 무장한 이 책은 심리학적 근거를 바탕으로 마음가짐, 행동, 말 습관 등 전반에 걸친 솔루션을 제공한다. 

마음의 모양은 이 세상 사람 수만큼이나 다양하다. 그렇기에 심리학에는 정답이 없어 누군가에게 완벽한 솔루션이 누군가에게는 아무런 효과가 없을 수도 있다. 하지만 폭넓고 다양한 내담자의 사례를 바탕으로 풀어낸 전문가들의 실전 심리 치료 사례 모음집과 같은 이 책은 국내 심리 치료의 거의 모든 솔루션을 담았다고 할 수 있다. 자기 내면의 이해를 바탕으로 타인의 마음까지 알고 싶은 사람, 부드럽지만 만만하지 않은 사람이 되고 싶은 사람에게 이 책을 권한다."
사회복지학개론,김윤나^심선경^이서영,9788959128310,신정,"사회복지학개론은 사회복지학에 입문하는 학생들이 가장 처음으로 접하는 입문서로 사회복지의 
개념, 현 사회에서 사회복지의 영역과 활동, 활용 기술 등을 두루 알아봄으로써 사회복지가 무엇
인지에 대해 이해를 목적으로 하는 과목이다. 이에 문제 중심의 개론서보다는 사회복지학의 학습
과정에 따른 교과목을 중심으로 사회복지활동과의 연결점을 찾을 수 있도록 집필하고자 하였다.
이 책은 사회복지 학문을 배우고 실천하고자 하는 다양한 학생들에게 어떻게 하면 사회복지 학
문을 좀 더 쉽게 알려줄 수 있을까 하는 저자들의 고민과 논의 속에서 탄생하게 되었다. 사회복
지학 입문서로서 학생들이 처음 접하는 사회복지학을 체계적으로 그리고 학습내용과 현장과의 
연결점을 찾을 수 있도록 하는 데 집필의 강조점을 두었다. 또한 사회복지사 필수 10과목을 중
심으로 각 장이 무엇을 학습하는지에 대한 목적을 명확히 하고자 각 장의 제목을 설명식으로 제
시하고, 총 13개장으로 구성하였다."
사회복지개론,심선경^김윤나^이서영,9788959124671,도서출판 신정,▶ 사회복지개론에 관한 내용을 담은 전문서적입니다.
Practice 중심의  청소년 프로그램 개발과 평가 (Practice 중심의),김윤나^김웅수^조민식^송원일^김지민,9788959129393,신정,"청소년 프로그램 개발과 평가는 청소년 및 사회복지 실천현장에서 기관의 생존과 직결되는 중요한 요소이자 대상자들을 직접적으로 만나게 되는 교육 콘텐츠 매개체이다. 특히 실습 선수과목으로서 청소년전문가가 되기 전 반드시 알아야만 하는 과목으로 그 중요성이 더욱 부각되고 있다. 
이 책은 청소년을 전공하고 공부하는 학생은 물론 현장에 종사하는 청소년지도자 및 전문가들에게 청소년 프로그램에 대한 지식체계를 제공하고 어떠한 태도를 가지고 프로그램을 개발하고 평가할지에 대한 가치를 형성하며 청소년들을 위한 효과적인 프로그램을 개발하기 위한 구체적인 방향성을 제시할 수 있도록 구성하였다. 기존 전공 서적들과는 달리 중장기 발전계획 수립은 물론 청소년 프로그램 개발과 평가에 관한 기초적인 개념과 최소한의 필수 이론, 그리고 최신의 정보를 바탕으로 쉽게 이해하여 실천현장에 바로 적용할 수 있는 실제적인 practice를 강조하였다."
청소년지도자론(반양장),김윤나^김광래^김지민^조민식,9788959128402,신정,"청소년기본법에 따르면 “청소년지도자”란 청소년지도사, 청소년상담사, 청소년시설, 청소년단체 및 청소년 관련 기관에서 청소년육성에 필요한 업무에 종사하는 사람 등을 의미한다. 청소년지도자론은 현재 청소년지도사 1급에 해당하는 과목으로서 청소년지도자에 관한 학문적 체계를 살펴보면 청소년지도자의 개념, 자격, 역할, 양성체계, 직무, 리더십, 지도방법, 전문성 등으로 구성되어 있다. 
본 저서는 기존의 청소년지도자론과 차별성을 두고 현장에 유용한 실제적인 내용을 담기 위해 노력하였다. 특히 청소년수련시설평가를 다니면서 현장에서 부족하다고 생각되는 슈퍼비전에 관한 내용에 역점을 두었다."
청소년활동론,김윤나^정건희^진은설^오세비,9788959123575,도서출판 신정,"이 책을 함께 저술한 저자들은 청소년활동분야의 발전과정을 지켜보면서 실천현장에서 일한 경험과 이론 및 정책을 연구한 경험들을 토대로 청소년의 주체적 참여, 역량개발, 임파워먼트, 인권의 관점을 기반하고 있다. 또한 저자들은 청소년지도사로서의 전문성과 현장성을 추구하여 다른 저서에 비해 정책적 측면을 강조하고, 철학적 기조에 청소년활동의 역사성을 나름대로 정리하고자 노력하였다. 그리고 되도록 쉽게, 학습자의 관점에서 이해할 수 있도록 학습목표와 핵심용어, 학습정리, 학습문제 등을 제시하였다."
다문화 청소년활동론 (다문화상담 멘토링 역량개발),김윤나^김삼화^남부현^도승자,9788959122516,신정,"이 책은 청소년활동론에서 중요하게 논의되는 청소년개발의 원리와 역량개발 등에 대해 소개한다. 다문화 청소년에 대한 일반적 이해, 다문화 상담과 청소년발달, 청소년활동과 청소년개발, 다문화청소년을 위한 멘토링활동, 다문화청소년들의 역량개발과 지도력 함양 등의 부문으로 나누어 살펴본다. 또한 최근의 동향과 내용을 반영하고자 했다."
영성 사회복지와 청소년개발,김윤나^EDWARD R. CANDA,9788959121380,신정,"한국의 사회복지학자 천정웅, 미국의 사회복지학자 에드워드 칸다가 편저한 『영성 사회복지와 청소년개발』. 2010년 서울에서 열린, 아동과 청소년을 적극적 관점으로 성찰하는 국제학술회의 '제3회 청소년학 세계포럼'에서 발표된 논문을 엮은 것이다. 영성과 사회복지, 영성과 청소년개발 등의 2가지로 나누어 논문을 수록했다."
청소년 프로그램 개발과 평가 (미래지향적인),김윤나^오승근^정건희^손진희^양은일,9788959124657,도서출판 신정,▶청소년 프로그램 개발과 평가에 관한 내용을 담은 전문서적입니다.
지금 이 순간을 살아라 (내 안의 거대한 나를 찾아서 떠나는 여행),에크하르트 톨레,9791198670250,양문출판사,"깨달음을 찾는 사람들에게 21세기 영적 교사로 추앙받고 있는 에크하르트 톨레는 《지금 이 순간을 살아라(The Power of Now)》에서 우리가 살아가는 ‘지금 이 순간’에 대해 이야기한다. 그는 내일이나 10분 후가 아니라 ‘지금 이 순간’으로 삶을 좁히라고 촉구한다. 바로 거기에 참다운 평화가 있다는 것이다.

지금 이 순간으로 들어가는 깨달음의 보고서 
 이 책은 1997년 출간과 동시에 폭발적인 호응을 받으며 단숨에 아마존 베스트셀러 1위가 된 후 지금까지도 여전히 베스트셀러로 자리매김하며 전 세계 무수한 독자로부터 사랑을 받고 있다. 
 이성과 과학적 사유 구조가 지배하고 있는 서양에서 에크하르트 톨레의 가르침은 실로 짧은 기간에 엄청난 반향을 일으켰다. 무엇보다도 그는 인간 의식의 심오한 변화에 대해 이야기한다. 그러나 그 변화는 머나먼 미래나 과거의 일이 아닌 ‘지금 여기’에서 창조할 수 있는 변화이다. 그는 어떻게 하면 마음의 노예가 되지 않고 우리 자신을 자유롭게 할 수 있을까, 어떻게 하면 나날의 삶 속에서 선연한 깨달음의 상태를 유지할 수 있을까를 깊이 다룬다. 그의 가르침은 저 멀리 떨어진 세계의 것이 아니고, 특별한 수단이나 방법이 요구되는 것도 아니다. 그가 요구하는 것은 단지 ‘지금 이 순간’ 깨어 있으라는 것뿐이다. 모든 답은 그 안에 들어 있다. 우리 스스로 우리의 ‘지금 이 순간’ 안에서 그 답을 찾을 수 있다.

 《지금 이 순간을 살아라》는 단순히 정보를 전달하는 차원에 머물지 않고, 독자 스스로 시간도 공간도 없는 ‘지금 여기’에서의 현존 상태에 강하게 집중할 수 있도록, 책을 읽는 가운데 새로워진 의식 속에 직접 들어갈 수 있도록 유도함으로써 독자들이 지금 이 순간의 변화를 체험하도록 하고 있다. 
 또한 톨레는 불교와 그리스도교, 힌두교와 이슬람은 물론이고, 토속 신앙 등 모든 전통의 핵심과 본질을 포용하는 동시에 어디에도 모순되지 않는 명징한 언어로 이야기한다. 따라서 이 책은 근본적인 내면의 변화를 받아들일 준비가 된 이들에게 지침이 되고 촉매가 되어 줄 것이다. 
 아직 완전한 삶을 실천할 수 있을 만큼 준비되지 않은 이들이라도 이 책을 읽고 나서는 뭔가 깊이 있게 생각해볼 만한 것을 찾을 수 있을 것이다. 이 책을 통해서 뿌려진 씨앗들이 인간이라면 누구나 품고 있을 깨달음의 씨앗과 만나게 되는 어느 날, 갑자기 싹이 터서 자라나게 될 것이다."
삶으로 다시 떠오르기 (자유 영혼을 위한 톨레와의 대화),에크하르트 톨레,9791195026128,연금술사,"지금, 에고와 결별을 선언한다!

『삶으로 다시 떠오르기』는 새롭게 떠오르는 영성가이며 21세기의 영적 교사로 일컬어지는 에크하르트 톨레의 더 나은 삶, 더 나은 세계를 위한 지침서이다. 톨레의 저서들은 생각과 감정을 자신이라고 여기는 인간의 근본적인 착각을 다룬 명저로 꼽힌다. ‘에고에 바탕을 둔 삶’과 그러한 삶들이 모인 세상에서 살고 있지만 그 에고가 모든 인간관계에 문제를 일으키고 실체를 보는 것을 가로막는 장애물임을 알려주며, 그리고 그것이 인간 존재의 전부가 아니라고 강조한다. 

이 책은 일화와 철학적 내용을 통해 모든 고통과 불행의 원인인 ‘자기 자신’이라는 감옥에서 나와 ‘나는 누구인지’를 깨닫고 진정한 삶으로 다시 떠오르는 길을 제시한다. 류시화가 1차 재번역, 일본어 번역본과의 대조 번역, 2차 재번역 등의 과정을 거치며 심혈을 기울인 책으로, 이 책을 주제로 오프라 윈프리와 함께 10주에 걸쳐 스카이프를 통한 인터넷 온라인 독자 참여를 가진 바 있다. ‘허구의 나’를 자신이라고 믿는 마음이 개인과 사회를 불행에 이르게 한다는 톨레의 통찰을 만나볼 수 있다.

▶ 이 책은 2008년에 출간된 ≪NOW: 행성의 미래를 상상하는 사람들에게≫(조화로운삶)의 개정판입니다."
에크하르트 톨레의 이 순간의 나 (세계 3대 영적 지도자 에크하르트 톨레 사상의 핵심집약판이자 실천편),에크하르트 톨레,9791190356152,센시오,"세계 3대 영적 지도자 에크하르트 톨레 사상의 핵심집약판이자 실천편 
“과거와 미래는 허상이다. 오직 이 순간을 살아라!”

달라이 라마, 틱낫한과 함께 세계 3대 영적 지도자로 꼽히는 에크하르트 톨레의 책이 출간됐다. 그는 〈왓킨스 리뷰〉와 〈뉴욕타임스〉가 선정한 세계에서 가장 큰 정신적 영향력을 지닌 인물이자, 가장 신뢰할 만한 명상 서적 분야 저자다.

그는 우리가 느끼는 모든 고통과 불안은 과거 혹은 미래라는 허상에 사로잡혀 있는 자신에게서 온다고 말한다. 우리가 과거 혹은 미래라 여기는 것은 존재하지 않으며 과거의 경험과 생각이 만들어낸 환상이다. 당신의 삶에서 유일하게 존재하는 것은 ‘지금 이 순간’ 뿐이며 여기에 온전히 집중하면서 현재에 머무를 때 비로소 자신을 괴롭히는 모든 속박에서 벗어나 자유로워진다고 말한다.

에크하르트 톨레는 사춘기 시절부터 삶의 무의미함과 깊은 우울증 그리고 수십 번의 자살 충동이 반복된 삶을 살았다. 그러나 치열한 명상과 내면적인 여행을 통해서 절망의 나락에서 깨달음을 얻고 밝은 세상으로 솟아올랐다. 그 후 크고 작은 명상모임을 이끌며 그가 깨달은 메시지를 전파해 왔다. 

그의 저서는 고통과 두려움에서 벗어나 내면의 평화와 진정한 자기 자신을 찾기 위한 깨달음의 메시지를 전하고 있으며, 출간된 이후 전 세계에서 1천만 부 이상 판매된 이 분야의 바이블이자 최고의 베스트셀러다. 

이 책은 고통, 불안, 두려움 등 자신을 괴롭히는 모든 것으로부터 자유로워지려는 이들에게 어떻게 하면 마음의 노예 상태에서 벗어나 매일매일의 삶 속에서 분명한 깨달음의 상태를 유지할 수 있을지에 대한 실천적 메시지를 전하고 있다. 오늘도 풍요로운 생활 속에서 결핍으로 괴로워하고, 자유롭지만 자신의 삶에 갇혀 있는 현대인들에게 이 책은 진정한 마음의 자유와 평화를 찾아가기 위한 영혼의 이정표가 되어줄 것이다."
고요함의 지혜 (삶을 치유하고 변화시키는 마음의 힘),에크하르트 톨레,9788934916895,김영사,고요함은 힘을 가진다. 그 힘은 자신이 솟아나온 내면의 평화로움으로 당신을 데려간다. 고요함과 평화로움은 둘 다 생명의 실체이다. 당신 자신과 이 세상을 변화시키고 구원할 힘과 지혜이다....
지금 이 순간을 살아라,에크하르트 톨레,9788987203959,양문,"10년 연속 아마존 베스트셀러!

에크하르트 톨레의 〈지금 이 순간을 살아라〉 개정판. 최근 「NOW-행성의 미래를 상상하는 사람들에게」의 출간으로 다시금 주목받고 있는 에크하르트 톨레. 에크하르트 톨레는 상담자이자 21세기 영적 교사로 추앙받는 영성가이다. 〈지금 이 순간을 살아라〉는 지난 10년간 아마존 베스트셀러로 자리를 굳히며 전세계 독자들로부터 찬사을 받은 책이다.

에크하르트 톨레는 인간 의식의 심오한 변화에 대해 이야기하면서, '지금 이순간', 즉 미래도 과거도 아닌 우리가 존재하고 있는 '현재'를 강조한다. 그가 이야기 하는 '변화'가 다름아닌 바로 '지금 여기'에서 창조할 수 있는 변화이기 때문이다. 이 책을 통해 우리는 내가 진정 누구인지를 깨닫고, 더 나은 삶을 살 수 있는 내면으로부터의 변화를 경험하게 된다.

이 책은 세미나와 명상 수업, 개인 상담에서 나온 질문에 답하는 형식으로 구성되어 있다. 인간행태의 그릇된 본성에 대해 밝히고, 머나먼 미래의 일이 아닌 '지금 여기'에서 창조할 수 있는 변화에 대해 이야기한다. 누구나 내면에 품고 있는 깨달음의 씨앗을 터트려 저자가 경험했던 영적 깨달음의 강력한 힘을 느끼게 될 것이다."
내 마음의 길잡이 개와 고양이 (어른과 아이가 함깨 읽는 철학동화),에크하르트 톨레,9788997715039,웃는돌고래,"철학이 담긴 아름다운 구절과 그림으로 만나는 ‘개와 고양이’ 이야기

어른과 아이가 함께 읽는 철학 동화『내 마음의 길잡이 개와 고양이』. 세계적인 명상 스승 에크하르트의 글과 만화 ‘머츠’의 작가인 패트릭 맥도넬의 그림이 어우러진 책으로, 우리 곁에 살아가는 개와 고양이가 어떤 존재인지 이야기한다. 동물을 대하는 인간의 마음가짐, 개와 고양이에게 배워야 할 점, 그리고 진짜 중요한 게 뭔지, 동물 친구들에게 어떻게 배울 수 있는지 방법 등을 자세히 다루었다. 시처럼 아름다운 구절에는 놀라운 철학이 담겨져 있으며, 억지로 가르치지 않고도 우리 곁의 동물들을 저절로 사랑하고 존경할 수 있도록 안내한다."
The Power of Now: A Guide to Spiritual Enlightenment (A Guide to Spiritual Enlightenment),에크하르트 톨레,9781577314806,New World Library,"To make the journey into the Now we will need to leave our analytical mind and its false created self, the ego, behind. From the very first page of Eckhart Tolle's extraordinary book, we move rapidly into a significantly higher altitude where we breathe a lighter air. We become connected to the indestructible essence of our Being, “The eternal, ever present One Life beyond the myriad forms of life that are subject to birth and death.” Although the journey is challenging, Eckhart Tolle uses simple language and an easy question-and-answer format to guide us. 

A word-of-mouth phenomenon since its first publication, The Power of Now is one of those rare books with the power to create an experience in readers, one that can radically change their lives for the better."
A New Earth: Awakening to Your Life’s Purpose (Awakening to Your Life’s Purpose),에크하르트 톨레,9780452289963,Plume Books,"새롭게 떠오르고 있는 영성가로 일컬어지는 에크하르트 톨레는 1948년 독일에서 태어났다. 영국의 런던 대학을 졸업하고 케임브리지 대학에서 연구원으로 일한 그는 사춘기 시절부터 자살 충동에 시달려 온 심한 우울증 환자였다. 절망감과 삶의 무의미함에 시달리던 그는 스물아홉 살 생일이 지난 어느 날 밤 깊은 회의와 깨달음에 이르게 된다.



절망의 나락에서 깨달음의 밝은 순간으로 갑자기 솟아오른 이 아름다운 경험은 그의 과거를 녹여 없애고 삶의 행로를 바꿔 놓기에 충분했다. 자신에게 찾아온 변화를 이해하기 위해 톨레는 영적인 내용이 담긴 책들을 읽고 영혼의 스승들을 만나면서 열정적인 내면 여행을 시작했다. 이 추구 여행의 결과가 1998년 한 권의 책으로 출간된 이다.



이 책은 자기 안의 고통 받아 온 '인류'로부터의 자유를 이야기하는 책이다. 인류의 현재 상태 즉 자신의 생각과 에고를 자신이라고 믿는 그 마음이 어떻게 분노나 질투, 불행에 이르게 하는 기능장애를 만들어왔으며, 이 행성과 인류의 생존까지 위협하게 되었는지를 적나라하게 파헤쳐 보이고 있다. 에크하르트 톨레는 영적으로 깨어 있는 삶이 개인의 성공과 행복뿐 아니라 지구의 평화와 안녕을 위해서도 도움이 된다고 강조한다.



특정한 종교나 교리에 매여 있지 않은 톨레의 가르침은 시간을 초월하는 모든 위대한 영적 스승들 그리고 모든 종교의 가르침들과 동일선상에 있다. 그것은 과거의 기억과 고통, 그리고 미래에 대한 기대와 계획 등으로 현존의 힘이 제로가 된 상태에서 살아가는 사람들에게, 신과 진정한 힘이 존재하는 유일한 장소인 '지금 이 순간NOW'의 회복을 이야기한다.



어떠한 상황에서든 자신의 순수한 존재를 가려 버림 없이 자신에게 요구되는 역할을 충실히 행하는 것, 그것이 우리들 각자가 이 행성에서 배워야 하는 삶의 예술이다. 영적 교사 톨레는 고통스러울 수밖에 없는 인간의 집단의식과 이 행성에서의 삶이 근본적으로 연결되어 있음을 보여주며, 에고가 지배하는 낡은 의식 상태를 무너뜨리고 새로운 의식의 깨어남을 위한 하나의 도구로서 를 세상에 내놓았다."
Stillness Speaks (『고요함의 지혜』 원서),에크하르트 톨레,9780340829745,Yellow Kite,"Eckhart Tolle's writings on the power of living in the moment fast became the most sought-after modern classic on spiritual enlightenment.

Now, in this new life-transforming book, we are shown how to become our true selves by embracing silence and stillness. When we are no longer limited by our thinking mind, suffering and pain disappears and we are able to move towards a new understanding of our relationships, of nature, and of the profound wisdom that is to be found in stillness."
New Earth Paperback,에크하르트 톨레,9780452287587,Penguin USA,"The highly anticipated follow-up to the 2,000,000 copy bestselling inspirational book, The Power of Now With his bestselling spiritual guide The Power of Now, Eckhart Tolle inspired millions of readers to discover the freedom and joy of a life lived ?in the now.? In A New Earth, Tolle expands on these powerful ideas to show how transcending our ego-based state of consciousness is not only essential to personal happiness, but also the key to ending conflict and suffering throughout the world. Tolle describes how our attachment to the ego creates the dysfunction that leads to anger, jealousy, and unhappiness, and shows readers how to awaken to a new state of consciousness and follow the path to a truly fulfilling existence. The Power of Nowwas a question-and-answer handbook. A New Earthhas been written as a traditional narrative, offering anecdotes and philosophies in a way that is accessible to all. Illuminating, enlightening, and uplifting, A New Earthis a profoundly spiritual manifesto for a better way of life?and for building a better world."
The Power of Now : A Guide to Spiritual Enlightenment ((20th Anniversary Edition)),에크하르트 톨레,9780340733509,Hodder & Stoughton,"1997년 출간과 동시에 폭발적인 호응을 받으며 단숨에 아마존 베스트셀러 1위가 된 후 10년이 지난 지금까지도 여전히 베스트셀러로 자리매김하며 전 세계 무수한 독자들로부터 사랑을 받고 있는 『지금 이 순간을 살아라』. 마음이 일으키는 고통과 두려움에서 벗어나 지금 이 순간의 충만함을 만끽할 수 있게 안내해 주는 영혼을 위한 지침서이다.

이 책은 어떻게 하면 마음의 노예가 되지 않고 우리 자신을 자유롭게 할 수 있을까, 어떻게 하면 나날의 삶 속에서 선연한 깨달음의 상태를 유지할 수 있을까를 깊이 다루고 있다. 톨레는 단지 '지금 이 순간' 깨어 있으라고 이야기한다. 이성과 과학적 사유구조가 지배하고 있는 서양에서 에크하르트 톨레의 가르침은 실로 짧은 기간에 엄청난 반향을 일으켰다."
A New Earth (The life-changing follow up to The Power of Now. ’My No.1 guru will always be Eckhart Tolle’ Chris Evans),에크하르트 톨레,9780141039411,Penguin Group USA,"Offers a spiritual framework for people to move beyond themselves in order to make this world a better, more spiritually evolved place to live."
Stillness Speaks 없음,에크하르트 톨레,9781577314004,New World Library,"Tolle illuminates the fundamental elements of his teaching, addressing the needs of the modern seeker by drawing from all spiritual traditions. ""Stillness Speaks"" takes the form of 200 individual entries, organized into 10 topic clusters."
"Practicing the Power of Now: Essential Teachings, Meditations, And Exercises From the Power of Now (16pt Large Print Edition) (Essential Teachings, Meditations, And Exercises From the Power of Now)",에크하르트 톨레,9780369304254,ReadHowYouWant,"세계 3대 영적 지도자 에크하르트 톨레 사상의 핵심집약판이자 실천편 
“과거와 미래는 허상이다. 오직 이 순간을 살아라!”

달라이 라마, 틱낫한과 함께 세계 3대 영적 지도자로 꼽히는 에크하르트 톨레의 책이 출간됐다. 그는 [왓킨스 리뷰]와 [뉴욕타임스]가 선정한 세계에서 가장 큰 정신적 영향력을 지닌 인물이자, 가장 신뢰할 만한 명상 서적 분야 저자다.

그는 우리가 느끼는 모든 고통과 불안은 과거 혹은 미래라는 허상에 사로잡혀 있는 자신에게서 온다고 말한다. 우리가 과거 혹은 미래라 여기는 것은 존재하지 않으며 과거의 경험과 생각이 만들어낸 환상이다. 당신의 삶에서 유일하게 존재하는 것은 ‘지금 이 순간’ 뿐이며 여기에 온전히 집중하면서 현재에 머무를 때 비로소 자신을 괴롭히는 모든 속박에서 벗어나 자유로워진다고 말한다.

에크하르트 톨레는 사춘기 시절부터 삶의 무의미함과 깊은 우울증 그리고 수십 번의 자살 충동이 반복된 삶을 살았다."
"The Practising The Power Of Now (Meditations, Exercises and Core Teachings from The Power of Now)",에크하르트 톨레,9780340822531,Yellow Kite,"세계 3대 영적 지도자 에크하르트 톨레 사상의 핵심집약판이자 실천편 
“과거와 미래는 허상이다. 오직 이 순간을 살아라!”

달라이 라마, 틱낫한과 함께 세계 3대 영적 지도자로 꼽히는 에크하르트 톨레의 책이 출간됐다. 그는 [왓킨스 리뷰]와 [뉴욕타임스]가 선정한 세계에서 가장 큰 정신적 영향력을 지닌 인물이자, 가장 신뢰할 만한 명상 서적 분야 저자다.

그는 우리가 느끼는 모든 고통과 불안은 과거 혹은 미래라는 허상에 사로잡혀 있는 자신에게서 온다고 말한다. 우리가 과거 혹은 미래라 여기는 것은 존재하지 않으며 과거의 경험과 생각이 만들어낸 환상이다. 당신의 삶에서 유일하게 존재하는 것은 ‘지금 이 순간’ 뿐이며 여기에 온전히 집중하면서 현재에 머무를 때 비로소 자신을 괴롭히는 모든 속박에서 벗어나 자유로워진다고 말한다.

에크하르트 톨레는 사춘기 시절부터 삶의 무의미함과 깊은 우울증 그리고 수십 번의 자살 충동이 반복된 삶을 살았다."
Realizing the Power of Now (An In-Depth Retreat With Eckhart Tolle),에크하르트 톨레,9781591790716,Sounds True,An unabridged recording of an Eckhart Tolle retreat.
The Power of Now: A Guide to Spiritual Enlightenment,에크하르트 톨레,9781577312086,New World Library,"Now on CD, the best-selling ""The Power of Now"" shows how a combination of Buddhist principles, meditation theory, and relaxation techniques can connect a person to the eternal, ever-present One Life beyond the myriad forms of life that are subject..."
Living the Liberated Life and Dealing with the Pain-Body,에크하르트 톨레,9781564559456,Sounds True,"A bold new vision for experiencing the fullness of life, Tolle believes it is possible to cultivate the habit of living in the now if people can free themselves from past conditioning. Abridged. 3 CDs."
A New Earth,에크하르트 톨레,9780789323217,Universe Publishing(NY),"Expanding on the ideas set forth in his #1 best-selling book A New Earth, Eckhart Tolle presents us with the opportunity to create an entirely new world, empty of egoic consciousness and filled with a renewed sense of purpose and freedom. Begin each week with a meditation to help center and awaken you to who you really are-something infinitely greater than you could ever imagine."
Practising the Power of Now,에크하르트 톨레,9781444703887,Hodder & Stoughton,
L’Art Du Calme Interieur (Un livre de sagesse qui nous ramene a l’essentiel),에크하르트 톨레,9782290036754,J'Ai Lu,
Stillness Speaks,에크하르트 톨레,9781577314196,New World Library,"The long-awaited second work by renowned spiritual teacher Tolle, this audiobook combines clear, incisive writing with profound insights. Abridged. 2 CDs."
Guardians of Being,에크하르트 톨레,9781577316718,New World Library,"This series includes professional unbiased books on corporate topics with an emphasis on governance, corporate leadership, and sustainability."
Oneness With All Life 양장본 Hardcover,에크하르트 톨레,9780525950882,Penguin USA,"Beautifully packaged with evocative artwork and design, Oneness with All Life highlights the most inspiring and beautiful insights of A New Earth. In A New Earth, Eckhart Tolle describes how our current ego-based state of consciousness operates. The purpose of this book is to bring about a shift in consciousness, or in his words, an awakening. An essential part of this awakening is the recognition of the ego, and our attachment to things, the past, and enemies. In this new edition, Eckhart Tolle has picked the essential phrases and paragraphs-the gems of the book-that he feels are most important. These words are displayed in a lavish design that will surely make this edition the most sought-after book for the holidays."
Through the Open Door: To the Vastness of Your True Being,에크하르트 톨레,9781591794066,Sounds True,"Features new teachings on refining alertness to become alive and present; teaches how to dispel illusions that lead to suffering, spiritual longing, and the need for more time in life; and discovers liberation beyond the limits of the thinking mind."
A New Earth: Awakening to Your Life’s Purpose (Awakening to Your Life’s Purpose),에크하르트 톨레,9781594152498,Walker Large Print,"Building on the astonishing success of The Power of Now, Eckhart Tolle presents readers with an honest look at the current state of humanity: He implores us to see and accept that this state, which is based on an erroneous identification with the egoic mind, is one of dangerous insanity. 
Tolle tells us there is good news, however. There is an alternative to this potentially dire situation. Humanity now, perhaps more than in any previous time, has an opportunity to create a new, saner, more loving world. This will involve a radical inner leap from the current egoic consciousness to an entirely new one.

In illuminating the nature of this shift in consciousness, Tolle describes in detail how our current ego-based state of consciousness operates. Then gently, and in very practical terms, he leads us into this new consciousness. We will come to experience who we truly are--which is something infinitely greater than anything we currently think we are--and learn to live and breathe freely."
"Practicando El Poder de Ahora: Practicing the Power of Now, Spanish-Language Edition",에크하르트 톨레,9781577314462,Pub Group West,"This book is a series of excerpts from the author's breakthrough Power of Now, presented here for Spanish-language readers. Carefully arranged for maximum impact, the book includes all of the exercises and many of the most useful keys found in the original. Tolle gently but authoritatively guides the reader to a liberated mind and life by exploring the source of Chi, enlightened relationships, creative use of the mind, impermanence, and the cycle of life.

---FROM THE PUBLISHER"
A New Earth: Awakening Your Life’s Purpose (Awakening to Your Life’s Purpose),에크하르트 톨레,9780143143499,Penguin Audiobooks,"마음이 만들어내는 허상에서 벗어나는 일. 거짓된 나에 가려져 있던 ‘진짜 나’를 찾는 깨달음. 21세기 현대인들에게 꼭 필요한 가치는 바로 이러한 ‘깨달음’이다. 뉴욕타임스 22주 연속 1위, 전세계 38개국 출간, 세계적으로 큰 반향을 일으킨 심오한 영적 선언서의 Audio CD이다.

세계적인 베스트셀러, 『지금 이 순간을 살아라THE POWER OF NOW』의 작가 에크하르트 톨레가, 이번에는 더 나은 삶을 위한, 그리고 더 나은 세계를 위한 책을 펴냈다."
"Practicing the Power of Now: Meditations, Exercises, and Core Teachings for Living the Liberated Life (Essential Teachings, Meditations, and Exercises from the Power of Now)",에크하르트 톨레,9781577311959,New World Library,"그동안 인류를 이끌어왔던 영적 스승들은 한결같이 ‘삶은 고단한 것’이라고 말하면서도 그 이면에 ‘자유와 평화’가 있다고 설법했다. 대부분의 사람들은 이미 지나간 일과 오지 않은 일을 걱정하며 인생을 허비하고 있다. 그래서 과거, 현재, 미래가 온통 고통으로 가득 차 있는 것이다. 이 책의 저자인 에크하르트 톨레는 행복해지려면 내일이나 10분 후가 아닌 지금 이 순간으로 삶을 좁히라고 말한다. 거기에 참다운 행복이 있다는 것이다.

실제로 우리는 태어나면서부터 줄곧 미래를 준비한다는 명목 아래, 과거를 후회한다는 핑계 아래 지금의 삶을 의무와 책임이라는 무거운 족쇄로 채워왔다. 지금 이 순간을 즐겨라. 지금이 아닌 삶은 없다. 과거도 지금이었고, 미래도 지금일 것이다. 지금 이 순간이 가장 중요하다는 것을 인식하기 시작하는 그 순간, 우리는 평안이 충만한 행복의 길로 접어든 것이다."
The New Earth Card Deck,에크하르트 톨레,9781577316510,New World Library,Systematically assists developers and engineers in achieving quality and cost efficiency. This title fully defines Failure Mode and Effect Analysis (FMEA) and provides a definitive ten step method for its implementation illustrated by an extended case study.
The Power of Now: A Guide to Spiritual Enlightenment (A Guide to Spiritual Enlightenment),에크하르트 톨레,9781577311522,New World Library,"According to Tolle, accessing the deepest self, the true self, can be learned by freeing ourselves from the conflicting, unreasonable demands of the mind and living ""present, fully and intensely, in the Now."""
Le Pouvoir Du Moment Present,에크하르트 톨레,9782290020203,J'Ai Lu,"Le pouvoir du moment present Guide d'eveil spirituel Le pouvoir du moment present est probablement l'un des livres les plus importants de notre epoque. Son enseignement simple et neanmoins profond a aide des millions de gens a travers le monde a trouver la paix interieure et a se sentir plus epanouis dans leur vie. Au coeur de cet enseignement se trouve la transformation de la conscience : en vivant dans l'instant present, nous transcendons notre ego et accedons a "" un etat de grace, de legerete et de bien-etre "". Ce livre a le pouvoir de metamorphoser votre vie par une experience unique."
"Milton’s Secret (An Adventure of Discovery Through Then, When, and the Power of Now)",에크하르트 톨레,9781571745774,Hampton Roads Pub Co Inc,"A poignant coming-of-age story and a gripping novel of natural wonder, rejacketed to coincide with the publication of Jim Lynch's new novel, Border Songs"
Guardians of Being (Spiritual Teachings from Our Dogs and Cats),에크하르트 톨레,9781608681198,New World Library,"New translations of the most important documents from socialist parties, soviets, and worker militias in Petrograd during 1917"
"Oneness with All Life Paperback (Inspirational Selections from a New Earth, Treasury Edition)",에크하르트 톨레,9780452296084,Plume Books,"Eckhart Tolle is a contemporary spiritual healer who is not aligned with any particular religion or tradition. In his writing and seminars, he conveys a simple yet profound message with the timeless and uncomplicated clarity of the ancient spiritual masters: There is a way out of suffering and into peace. Eckhart travels extensively, taking his teachings throughout the world. He lives in Vancouver, British Columbia.
#1 New York Times bestselling author Eckhart Tolle highlights the most inspiring and beautiful insights of A New Earth When Oprah announced A New Earth as her 61st Book Club selection, it skyrocketed to #1 on the New York Times bestseller list, selling over five million copies in paperback and remaining at the top of the list for twenty-two consecutive weeks . In A New Earth, renowned spiritual teacher Eckhart Tolle describes how our current ego-based state of consciousness operates. The purpose of this book is to bring about a shift in consciousness, or in his words, an awakening. An essential part of this awakening is the recognition of the ego, and our attachment to things, the past, and enemies. In Oneness With All Life, Eckhart Tolle has picked the essential phrases and paragraphs-the gems of the book-that he feels are most important and reorganized them so readers can focus on the most powerful ideas. Beautifully packaged with evocative artwork and design, it is the perfect gift for anyone with a well-worn copy of A New Earth who wants deeper insight into this seminal work.
Prepare to be awakened with ""Oneness with All Life"" with evocative full-color original artwork and design that highlight the most inspiring and beautiful insights of ""A New Earth."""
Gateways to Now,에크하르트 톨레,9780743535472,Simon & Schuster Sound Ideas,"A Life-Changing New Audiobook From The Author Of ""The New York Times Bestseller,"" ""The Power Of Now.""  In this original audiobook, bestselling author Eckhart Tolle continues to teach us how to let go of the past and future to live in the n..."
"Practicing the Power of Now: Essentials Teachings, Meditations, and Exercises from the Power of Now (Essential Teachings, Meditations, and Exercises from the Power of Now)",에크하르트 톨레,9781577314172,New World Library,"세계 3대 영적 지도자 에크하르트 톨레 사상의 핵심집약판이자 실천편 
“과거와 미래는 허상이다. 오직 이 순간을 살아라!”

달라이 라마, 틱낫한과 함께 세계 3대 영적 지도자로 꼽히는 에크하르트 톨레의 책이 출간됐다. 그는 [왓킨스 리뷰]와 [뉴욕타임스]가 선정한 세계에서 가장 큰 정신적 영향력을 지닌 인물이자, 가장 신뢰할 만한 명상 서적 분야 저자다.

그는 우리가 느끼는 모든 고통과 불안은 과거 혹은 미래라는 허상에 사로잡혀 있는 자신에게서 온다고 말한다. 우리가 과거 혹은 미래라 여기는 것은 존재하지 않으며 과거의 경험과 생각이 만들어낸 환상이다. 당신의 삶에서 유일하게 존재하는 것은 ‘지금 이 순간’ 뿐이며 여기에 온전히 집중하면서 현재에 머무를 때 비로소 자신을 괴롭히는 모든 속박에서 벗어나 자유로워진다고 말한다.

에크하르트 톨레는 사춘기 시절부터 삶의 무의미함과 깊은 우울증 그리고 수십 번의 자살 충동이 반복된 삶을 살았다."
The Eckhart Tolle Audio Collection,에크하르트 톨레,9781591790037,Sounds True,"Tolle's message is simple: living in the now is the truest path to happiness and enlightenment. And while this message may not seem stunningly original or fresh, Tolle's clear writing, supportive voice, and enthusiasm make this an excellent collec..."
New Earth : Awakening to Your Life’s Purpose Paperback,에크하르트 톨레,9780525948025,Penguin USA,"Building on the astonishing success of The Power of Now, Eckhart Tolle presents readers with an honest look at the current state of humanity: He implores us to see and accept that this state, which is based on an erroneous identification with the egoic mind, is one of dangerous insanity. Tolle tells us there is good news, however. There is an alternative to this potentially dire situation. Humanity now, perhaps more than in any previous time, has an opportunity to create a new, saner, more loving world. This will involve a radical inner leap from the current egoic consciousness to an entirely new one. In illuminating the nature of this shift in consciousness, Tolle describes in detail how our current ego-based state of consciousness operates. Then gently, and in very practical terms, he leads us into this new consciousness. We will come to experience who we truly are-which is something infinitely greater than anything we currently think we are-and learn to live and breathe freely."
Eckhart Tolle’s Findhorn Retreat: Stillness Amidst the World: A Book and 2 DVD Set [With 2 DVD] (Stillness Amidst the World),에크하르트 톨레,9781577315094,New World Library,"핀드혼 생태공동체 마을에서 은둔 생활을 하면서 명상의 진정한 의미를 깨달은 저자가 그 곳에서의 명상을 통한 통찰을 담은 책이다. 우리는 지금 이 순간에 살며 자신이 누구인지를 깨달았을 때 삶의 궁극적인 목적을 깨닫고, 운명을 따르게 된다. 그것은 바로 지금 이순간, '현재'에 살라는 말이다. 때문에 톨레는 명상을 통해 자아를 발견하는 통찰의 시간을 가져야 한다고 말한다. 

그는 내적 평화와 더 나은 삶의 수행을 찾을 수 있는 길을 제시한다. 그 가르침의 핵심은 의식의 변화와 정신의 깨우침에 기대라는 것이다."
사소한 것을 놓아주기 (에크하르트 톨레 에디션),피터 러셀,9791198386526,마레책방,"에크하르트 톨레 에디션!

이 책은 에크하르트 톨레 에디션의 한 책이다. 21세기를 대표하는 영적 교사인 에크하르트 톨레는 독자의 인생을 바꾸어 놓기에 충분한 작품을 직접 선정해 출판하고 있다. 이 책, 피터 러셀의 사소한 것을 놓아주기(Letting go of nothing)는 에크하르트 톨레가 직접 선정해서 독자들에게 권하는 책이다. 
톨레는 태곳적부터 놓아주는 행위는 영적 자각의 전제조건이라며, 놓아주는 데 성공한 사람은 일정한 거리를 유지하면서 외적인 요소를 충분히 즐길 수 있다고 소개한다. 그는 독자들이 이 책을 내적인 ‘놓아주는 행위’의 안내서로 사용할 것을 제안하고 있다. 

하던 일을 잠시 내려놓고, 한 걸음 뒤로 물러나 놓아두기

피터 러셀은 이 책에서 우리에게 한 걸음 뒤로 물러나 편안한 사고방식을 찾으라고 가르친다. 우리 안에 이미 정신적 자유와 평화가 존재한다며 그걸 놀랍도록 단순하고 명료하게 찾는 방법을 가르쳐 주는 책이다. 피터 러셀은 이러한 방법을 쉬운 언어로 알려준다. 이 책은 그런 면에서 실용적이고, 지혜로우며 다정하고, 참신하다. 
700년 전 기독교 명상가 마이스터 에크하르트는 인간이 기를 수 있는 최고의 미덕은 ‘욕망을 놓아주는 것’이라고 했다. 피터 러셀은 이러한 놓아주는 행위의 중요성과 이에 대한 접근법을 명쾌하게 제시해 준다.
이 책은 한 사람이 평생동안 이룬 내적 탐구의 결과물이다. 그 내적 탐구의 결말은 놓아주라는 것이다. 놓아주면 고통이 사라지거나 줄어들고, 그러한 놓아주기가 반복되다 보면 우리는 깨우침을 경험할 수 있고, 더 단단한 삶을 살게 된다."
사소한 것을 놓아주기 (에크하르트 톨레 에디션),피터 러셀,9791198386520,마레책방,"에크하르트 톨레 에디션!

이 책은 에크하르트 톨레 에디션의 한 책이다. 21세기를 대표하는 영적 교사인 에크하르트 톨레는 독자의 인생을 바꾸어 놓기에 충분한 작품을 직접 선정해 출판하고 있다. 이 책, 피터 러셀의 사소한 것을 놓아주기(Letting go of nothing)는 에크하르트 톨레가 직접 선정해서 독자들에게 권하는 책이다. 톨레는 태곳적부터 놓아주는 행위는 영적 자각의 전제조건이라며, 놓아주는 데 성공한 사람은 일정한 거리를 유지하면서 외적인 요소를 충분히 즐길 수 있다고 소개한다. 그는 독자들이 이 책을 내적인 ‘놓아주는 행위’의 안내서로 사용할 것을 제안하고 있다."
밀턴의 비밀 (아이들의 불안을 평화로 이끄는 이야기),에크하르트 톨레^로버트 프리드먼,9791192148410,다봄,"달라이 라마, 프란치스코 교황과 더불어 현존하는 세계 3대 영성가. 〈신과 나눈 이야기〉의 작가 닐 도날드 윌쉬와 오프라 윈프리를 비롯해 전 세계 지성들이 우리 시대 최고의 스승으로 칭송한 인물. 바로 세계적인 베스트셀러 〈지금 이 순간을 살아라〉, 〈삶으로 다시 떠오르기〉의 작가 에크하르트 톨레다.
〈밀턴의 비밀〉은 그가 어린이를 위해 쓴 유일한 동화로 힘 있는 메시지를 담고 있다. ‘지금’을 살지 못하기 때문에 불행해진다는 것이다. 밀턴의 비밀은 곧 불안을 떨쳐 내고 평화를 찾는 비밀이다. 학교 폭력으로 인해 불안과 두려움에 떨고 있는 밀턴이 이 비밀을 찾아가는 과정을 따라가다 보면, ‘지금’을 사는 것이 무엇을 의미하는지, 어떻게 해야 ‘지금’ 안에 머물며 행복을 느낄 수 있는지를 깨닫게 될 것이다."
밀턴의 비밀 (어린이 마음에 평화와 행복을 주는 이야기),에크하르트 톨레^로버트 프리드먼,9788996105480,끌레마,"어린이 마음에 평화와 행복을 주는 이야기

『밀턴의 비밀』은 학교에서 괴롭힘을 당한 뒤 걱정과 두려움에 떨던 밀턴이 '지금의 힘'을 깨달으면서 밝고 씩씩한 모습으로 돌아가는 이야기입니다. 세계적인 베스트셀러 작가 '에크하르트 톨레'가 오랫동안 많은 사람들에게 전했던 '지금 이 순간의 힘'을, 어린이들이 흔히 겪을 수 있는 이야기 속에 담아 따뜻한 일러스트와 함께 보여줍니다.

하루하루 즐겁게 살아가는 평범한 소년 밀턴은 어느 날, 심술쟁이 카터 형이 밀턴의 이름이 웃긴다며 괴롭히자 괴로움에 휩싸입니다. 그 형이 또 자신을 괴롭힐까봐 혼자서 끙끙 앓으며 내일에 대한 두려움에 잠을 이루지 못하지요. 할아버지는 '그 일은 이미 지나간 일'이라며 밀턴을 안심시키려 하지만 밀턴은 여전히 학교 갈 일이 겁나기만 하는데…."
Even the Sun Will Die (An Interview With Eckhart Tolle),,9781564559685,Sounds True,"From insights into the way out of suffering to evidence that a new consciousness is rising, ""Even the Sun Will Die"" reveals that even following the tragedy of September 11, 2001, a miracle happens when we say ""yes"" to living in this moment and no ..."
영혼의 책 54 (헨리 데이비드 소로에서 에크하르트 톨레까지  내면의 성장을 위한 영성 고),제임스 M. 러셀,9791158885243,판미동,"“내면의 목소리에 귀 기울여 자신의 영혼을 만나다.”
문학, 철학, 종교를 넘나드는 
세계적인 영성 고전 54권

신앙, 깨달음, 기도, 고독 등 영적인 길을 다룬 책들을 통해 정신적 영감을 주고 내면을 고양시켜 주는 영성 고전 54권을 소개한 『영혼의 책 54』가 판미동에서 출간되었다. 이 책은 초기 그리스도교 고전부터 종교의 본질을 탐구하는 텍스트, 영감 어린 삶을 예찬하는 글과 문학 작품들에 이르기까지 종교적이고 초월적인 전통에 한정되지 않고 영성의 다양한 면들을 보여 주는 작품들을 소개한다. 헨리 데이비드 소로의 『월든』, 아우구스티누스의 『신국론』, 루미의 『영적인 2행 연구 시』, 노자의 『도덕경』, 에크하르트 톨레의 『지금 이 순간을 살아라』 등 동서고금의 영성 전통에서 중요한 메시지를 담고 있는 고전들을 두루 살펴본다. 책에 대한 설명과 함께 각각의 고전들을 조금씩 직접 읽어 보면서 핵심적인 사상과 분위기를 쉽게 파악할 수 있다. 저자의 통찰력 있는 해설은 그 책이 나오게 된 역사적이고 개인사적인 배경뿐 아니라 오늘날 독자들에게 가지는 현대적 의의까지 흥미롭게 이해시켜 준다. 이 책과 함께 인류가 쌓아 온 영성의 깊이에 가깝게 접근하여, 영적 성장과 내면의 확장을 위한 다채로운 고전 읽는 시간을 가질 수 있을 것이다.

내면의 확장과 영적 성장을 이끌어 주는 독서 가이드
이 책은 문학, 철학, 종교 등의 장르를 넘나들며 정신적 즐거움이나 영감을 얻을 수 있는 핵심 고전들을 알차게 짚어 준다. 먼저 이 책의 1부에서는 초기 그리스도교 고전을 통해 서양의 큰 정신적, 영적 모범이 되었던 그리스도교적 삶의 태도를 들여다보고, 2부에서는 현대의 그리스도교 서적들을 읽어 보면서 종교 의식이나 종교 전통을 향한 맹목적 복종이 아니라 개인의 보편적 신앙, 영성과 같은 내면적 접근에 대해 생각해 볼 수 있게 해 준다. 3부에서는 가장 기본이 되는 종교 의식인 기도를 할 때의 마음가짐과 일상 속에서 활용할 수 있는 기도 방법을 다루는 책들을 알아본다.
책의 뒷부분에서는 불교, 이슬람교, 도교 등 다양한 종교 전통이나 종교의 범위를 넘어서는 세속적 영성에 관한 책들을 살펴본다. 은둔과 고독, 방황, 공동체, 봉사, 깨달음 등 자신의 종교적 바탕을 뛰어넘는 관점이나 메시지가 담겨 있는 다양한 영성 저작들이 중립적인 ‘세계적 영성관’의 청사진을 제시해 줄 것이다. 이렇듯 이 책은 영성과 종교에 관심을 갖고 있는 이들이라면 누구나 공감할 수 있는 작품들을 선별해 자신에게 맞는 영성 독서 로드맵을 만들어 가게끔 길잡이가 되어 준다.

시공간을 뛰어넘어 직접 읽어 보는 생생한 깨우침
영성 서적이라고 하면 종교나 깨달음을 다루는 난해한 책으로 한정해서 생각하기 쉽지만, 넓게 바라보면 우리가 영적인 성장을 위해 활용할 수 있는 텍스트는 무궁무진하다. 이 책에서는 토머스 머튼의 『칠층산』, 존 버니언의 『천로역정』처럼 종교적 색채가 짙은 책을 비롯해 톨스토이의 『고백』, 도스토옙스키의 『백치』, 생텍쥐페리의 『어린 왕자』 등 주류의 종교 전통에서 벗어난 소설이나 월리엄 블레이크의『순수와 경험의 노래』, 카를 융의 『영혼을 찾는 현대인』, 엘리자베스 길버트의 『먹고, 기도하고, 사랑하라』 등 영혼의 순수함을 일깨워 주는 다양한 작품을 다룬다. 또한, 원전의 느낌을 직접적으로 알 수 있는 인용문과 설명들이 각각의 영성 고전들이 어떤 강점과 단점을 지니고 있는지, 오늘날 독자들에게 어떤 의의를 갖고 있는지, 자신이 즐겁게 읽고 이해할 수 있는 책일지 등을 친절하게 알려 준다. 깨달음이나 영적 도움을 구할 때 지침이 되는 인류의 정신적 유산을 접하며, 스스로 정의하는 진정한 삶의 목적을 돌아보고 마음의 평화에 한층 가까워질 것이다."
Summary of The Power of Now (A Guide to Spiritual Enlightenment by Eckhart Tolle),,9781648130229,SummaReads Media LLC,"Imagine Feeling Light Like A Feather… & Free Like An EagleYou know what I’m talking about.It’s really tough to have inner peace in today’s highly distracting world…Even if we don’t, we all know we do.We’ve all seen it don’t we?People who either live in the past or stress about the future.If then, what’s the point of this book?Success Leaves Clues. (SLC)Behind the magic, you’ll ALWAYS find that there IS a magic process.“The Power of Now” if you will."
Summary of The Power of Now: A Guide to Spiritual Enlightenment by Eckhart Tolle,,9781648132032,Summareads Media LLC,"Imagine Feeling Light Like A Feather… & Free Like An EagleYou know what I’m talking about.It’s really tough to have inner peace in today’s highly distracting world…Even if we don’t, we all know we do.We’ve all seen it don’t we?People who either live in the past or stress about the future.If then, what’s the point of this book?Success Leaves Clues. (SLC)Behind the magic, you’ll ALWAYS find that there IS a magic process.“The Power of Now” if you will."
